Sulwhasoo cream,S$40,jeonballad,- bnip - labelled as tester but actually not used before  - full size - buy with other sulwhasoo face care for discount! 
Sulwhasoo Concentrated Ginseng Skincare Set,S$150,mimibunn,ðŸ‘‰ Selling $150 Free  Mail   Sulwhasoo Concentrated Ginseng Skincare Set  Concentrated Ginseng Renewing Water  125ml  15ml   Concentrated Ginseng Renewing Emulsion 125ml  15ml   Concentrated Ginseng Renewing Serum 5ml   Concentrated Ginseng Renewing Cream EX 10ml   Concentrated Ginseng Renewing Eye Cream EX 3ml  
Sulwhasoo Concentrated Ginseng Skincare Set,S$150,mimibunn,ðŸ‘‰ Selling $150 Free  Mail   Sulwhasoo Concentrated Ginseng Skincare Set  Concentrated Ginseng Renewing Water  125ml  15ml   Concentrated Ginseng Renewing Emulsion 125ml  15ml   Concentrated Ginseng Renewing Serum 5ml   Concentrated Ginseng Renewing Cream EX 10ml   Concentrated Ginseng Renewing Eye Cream EX 3ml  
Sulwhasoo Cleansing & Mask Kit,S$15,fashionxcloset,3 items  - Gentle Cleansing Foam 50ml - Overnight Mask 35ml - Clarifying Mask 35ml  Expiry Dec 2025  *Pls top up $1.50 for normal mail
BN Sulwhasoo Concentrated Ginseng Daily Routine set,S$170,ribenapoppy,Selling as full set. Got it as a Xmas 2022 gift. Expiry of all bottles is 2025.
Sulwhasoo Concentrated Ginseng Set,S$200,mimibunn,ðŸ‘‰ Selling $200 Free Mail  Sulwhasoo   Concentrated Ginseng  Renewing Eye Cream 3ml   Concentrated Ginseng  Renewing Cream EX 5ml   Concentrated Ginseng  Renewing Water EX 25ml   Concentrated Ginseng  Renewing Emulsion EX 25ml   Gentle Cleansing Foam 50ml   Concentrated Ginseng  Renewing Serum EX   30ml  
Sulwhasoo Ginseng Serum,S$8,moonseve,8ml Expiry date:06/24
Sulwhasoo UV Wise No. 2 Milky Tone Up,S$68,onceuponatime__x,Brand new   Retail @ $110  Selling because I accidentally bought extra   For more information pls refer here:
Sulwhasoo Herbal Clay Purifying Mask 120ml,S$35,kumo1989,[Brand New] Sulwhasoo Herbal Clay Purifying Mask 120ml  Got it from company lucky draw. Looking to let go at half of retail price ($70).
*NEW* Sulwhasoo Overnight Vitalizing Mask,S$30,oneonethree,Brand new. Bought from Novela P/S: it will expire on Nov 2023 
Sulwhasoo First Care Activating Serum Full size 60ml,S$50,_ragroses,Left 1 bottle. Expiry 2024 Feb  Self collection only 
Sulwhasoo Cleansing,S$15,sherrlyn,Brand new  Sulwhasoo Gentle Cleansing Foam 20ml Exp: 20251206  Self collect at Yishun 343 or Normal postage with additional $1.50
SULWHASOO GINSENG SERUM,S$140,sunxflowerx,Expiry date 11/07/2024
90ml Sulwhasoo First Care Activating Serum,S$120,cat_dreams,"Korean Skin Care, Authentic, Brand New In Box, 90ml, Sulwhasoo  First Care Activating Serum.   Free delivery within Singapore Or self collection at Jewel or Paris Ris  For serious buyer only."
Brand new kose softymo cleansing oil makeup remover before exfoliator cleanser toner serum essence moisturiser mask not hada labo bioderma Shiseido sulwhasoo bioessence,S$3.20,hellowelcomein2,Brand new 60 ml  Expiry March 2024   Meetup at Simei mrt  Mailing at $1
SULWHASOO ESSENTIAL COMFORT Firming Cream 5ML,S$9,constantdecluttering,Expiring 20240824 (please see image). 
SULWHASOO CONCENTRATED GINSENG RENEWING CREAM EX Classic (5ml),S$55,privatecollections,"NO.1 SULWHASOOâ€™S SIGNATURE ANTI-AGING CREAM. ***100% Authentic*** Bought too much for travel use, more than I can use.ðŸ˜…ðŸ˜…ðŸ˜…  Price is for each set of 9 bottles (5ml/bottle) as shown in past pic. Expiry - Aug 2025 Selling cheap as decluttering for renovations.  Meet up / Buyer pays for courier."
Sulwhasoo Anti-Aging kit (Travel size),S$18,lulu.jrh,Door gift from event...
Sulwhasoo First Care Activating Serum -15 ml,S$18,pat_ong,- Brand New and 100% Authentic (From      Sulwhasoo Store). - 15 ml First Care Activating Serum. Comes in      a glass bottle and brand new 2023      packaging.  - Expiry Date: Dec 2025. - Good for travelling or trying out of product. - Retailing at $35 in Sephora. Special Price        here at $18. - This is an essential anti-aging booster      serum that brings out youth potential of      your skin for a healthy and natural glow.  - Buy 1 bottle at $18 each. - Buy 2 bottles at $17 each.  - Add $1.50 for Basic Package Delivery (3-5     working days). Not trackable. Not     responsible for mail loss.  - Add $2.20 for Smartpac Tracked Delivery    (2-3 working days). Recommended. - Will bubble wrap before mailing out.
Sulwhasoo First Care Essential Kit,S$175,gfkiew09,Sulwhasoo First Care Essential Kit Brand new. Expring on 2024 Feb. Delivery option can be discussed.  Price is negotiable :)
Sulwhasoo Daily Routine Kit (exp 2026),S$15,unicornato,As seen. No negos or trades
Sulwhasoo first care activating serum 60mls,S$40,lynntan91,Brand new with box Expiring on 04/04/2024
Sulwhasoo Concentrated Ginseng Renewing Cream 10ml,S$25,greyashroses,Kindly note that this is 10ml in size. Authentic from store. Expiry is 26th Jan 2026. Apologies canâ€™t seem to take good pictures. Happy to offer free normal mail ($1.55) for fast deal. 
2 pc Sulwhasoo Balancing Emulsion,S$6,xnmxnm,Free mail!  Price for 2 pcs. Travel size. Authentic.       ______________________________________________________  sephora. tangs. korean. mask. lancome. essence. serum. joseon.
Sulwhasoo White Ginseng Radiance Refining Mask 35ml,S$15,chicboomz,Brand new in box 35 ml 100% authentic Exp dec 2025
